,Temp,Wind Speed
E-D,0.002711172129731209,3.3729639501474365e-212
D-C,0.4657972008220813,4.610149126224334e-09
C-B,0.1854863671761938,0.00010045473692816457
B-A,0.4004754260262924,0.13351922750703515
